{"cameraMode":{"drawMode":0,"name":"Shaded","section":"Shading Mode"},"sceneLighting":false,"audioPlay":false,"sceneViewState":{"showFog":true,"showMaterialUpdate":false,"showSkybox":false,"showFlares":true,"showImageEffects":true,"showParticleSystems":true},"in2DMode":false,"pivot":{"x":13.377986907958985,"y":-5.352405548095703,"z":35.32268524169922},"rotation":{"x":-0.1805253028869629,"y":0.055143773555755618,"z":-0.010137753561139107,"w":-0.9819713234901428},"size":117.7550277709961,"orthographic":false}